annus;trimestre;observaciones;código; título; unidad; fuente; notas
1960;1;                   0,00035;653020.d;BALANZA POR CUENTA CORRIENTE. EEUU. CVEC;MILES DE MILLONES DE DÓLARES;REFINITIV;Esta serie puede estar actualizada con cierto retardo respecto a la fuente..  
1960;2;                   0,00053;;;;
1960;3;                   0,00084;;;;
1960;4;                   0,00111;;;;
1961;1;                   0,00124;;;;
1961;2;                   0,00091;;;;
1961;3;                   0,00084;;;;
1961;4;                   0,00083;;;;
1962;1;                   0,00065;;;;
1962;2;                   0,00105;;;;
1962;3;                   0,00096;;;;
1962;4;                   0,00073;;;;
1963;1;                   0,00084;;;;
1963;2;                   0,00120;;;;
1963;3;                   0,00102;;;;
1963;4;                   0,00135;;;;
1964;1;                   0,00191;;;;
1964;2;                   0,00153;;;;
1964;3;                   0,00173;;;;
1964;4;                   0,00166;;;;
1965;1;                   0,00126;;;;
1965;2;                   0,00158;;;;
1965;3;                   0,00131;;;;
1965;4;                   0,00129;;;;
1966;1;                   0,00098;;;;
1966;2;                   0,00079;;;;
1966;3;                   0,00049;;;;
1966;4;                   0,00078;;;;
1967;1;                   0,00088;;;;
1967;2;                   0,00067;;;;
1967;3;                   0,00056;;;;
1967;4;                   0,00047;;;;
1968;1;                   0,00020;;;;
1968;2;                   0,00033;;;;
1968;3;                   0,00014;;;;
1968;4;                  -0,00005;;;;
1969;1;                   0,00012;;;;
1969;2;                  -0,00013;;;;
1969;3;                   0,00005;;;;
1969;4;                   0,00036;;;;
1970;1;                   0,00062;;;;
1970;2;                   0,00097;;;;
1970;3;                   0,00052;;;;
1970;4;                   0,00022;;;;
1971;1;                   0,00068;;;;
1971;2;                  -0,00041;;;;
1971;3;                  -0,00054;;;;
1971;4;                  -0,00117;;;;
1972;1;                  -0,00169;;;;
1972;2;                  -0,00169;;;;
1972;3;                  -0,00129;;;;
1972;4;                  -0,00113;;;;
1973;1;                   0,00015;;;;
1973;2;                   0,00087;;;;
1973;3;                   0,00274;;;;
1973;4;                   0,00338;;;;
1974;1;                   0,00161;;;;
1974;2;                   0,00011;;;;
1974;3;                  -0,00030;;;;
1974;4;                   0,00053;;;;
1975;1;                   0,00421;;;;
1975;2;                   0,00501;;;;
1975;3;                   0,00408;;;;
1975;4;                   0,00481;;;;
1976;1;                   0,00257;;;;
1976;2;                   0,00165;;;;
1976;3;                  -0,00008;;;;
1976;4;                   0,00016;;;;
1977;1;                  -0,00269;;;;
1977;2;                  -0,00303;;;;
1977;3;                  -0,00276;;;;
1977;4;                  -0,00586;;;;
1978;1;                  -0,00702;;;;
1978;2;                  -0,00378;;;;
1978;3;                  -0,00367;;;;
1978;4;                  -0,00068;;;;
1979;1;                  -0,00042;;;;
1979;2;                  -0,00069;;;;
1979;3;                   0,00092;;;;
1979;4;                  -0,00010;;;;
1980;1;                  -0,00346;;;;
1980;2;                  -0,00094;;;;
1980;3;                   0,00433;;;;
1980;4;                   0,00238;;;;
1981;1;                   0,00096;;;;
1981;2;                   0,00123;;;;
1981;3;                   0,00208;;;;
1981;4;                   0,00076;;;;
1982;1;                  -0,00029;;;;
1982;2;                   0,00379;;;;
1982;3;                  -0,00404;;;;
1982;4;                  -0,00500;;;;
1983;1;                  -0,00252;;;;
1983;2;                  -0,00783;;;;
1983;3;                  -0,01290;;;;
1983;4;                  -0,01544;;;;
1984;1;                  -0,02093;;;;
1984;2;                  -0,02344;;;;
1984;3;                  -0,02338;;;;
1984;4;                  -0,02659;;;;
1985;1;                  -0,02352;;;;
1985;2;                  -0,02869;;;;
1985;3;                  -0,03130;;;;
1985;4;                  -0,03465;;;;
1986;1;                  -0,03421;;;;
1986;2;                  -0,03569;;;;
1986;3;                  -0,03805;;;;
1986;4;                  -0,03923;;;;
1987;1;                  -0,03927;;;;
1987;2;                  -0,03999;;;;
1987;3;                  -0,04013;;;;
1987;4;                  -0,04128;;;;
1988;1;                  -0,03295;;;;
1988;2;                  -0,02890;;;;
1988;3;                  -0,02792;;;;
1988;4;                  -0,03139;;;;
1989;1;                  -0,02849;;;;
1989;2;                  -0,02517;;;;
1989;3;                  -0,02205;;;;
1989;4;                  -0,02378;;;;
1990;1;                  -0,02365;;;;
1990;2;                  -0,01952;;;;
1990;3;                  -0,02154;;;;
1990;4;                  -0,01426;;;;
1991;1;                   0,00996;;;;
1991;2;                   0,00253;;;;
1991;3;                  -0,00419;;;;
1991;4;                  -0,00540;;;;
1992;1;                  -0,00623;;;;
1992;2;                  -0,01189;;;;
1992;3;                  -0,01470;;;;
1992;4;                  -0,01879;;;;
1993;1;                  -0,01478;;;;
1993;2;                  -0,02068;;;;
1993;3;                  -0,02130;;;;
1993;4;                  -0,02806;;;;
1994;1;                  -0,02498;;;;
1994;2;                  -0,02858;;;;
1994;3;                  -0,03161;;;;
1994;4;                  -0,03645;;;;
1995;1;                  -0,03143;;;;
1995;2;                  -0,03201;;;;
1995;3;                  -0,02698;;;;
1995;4;                  -0,02315;;;;
1996;1;                  -0,02744;;;;
1996;2;                  -0,02984;;;;
1996;3;                  -0,03606;;;;
1996;4;                  -0,03144;;;;
1997;1;                  -0,03608;;;;
1997;2;                  -0,02880;;;;
1997;3;                  -0,03272;;;;
1997;4;                  -0,04313;;;;
1998;1;                  -0,04400;;;;
1998;2;                  -0,05135;;;;
1998;3;                  -0,05889;;;;
1998;4;                  -0,06082;;;;
1999;1;                  -0,06084;;;;
1999;2;                  -0,06796;;;;
1999;3;                  -0,07613;;;;
1999;4;                  -0,08169;;;;
2000;1;                  -0,09477;;;;
2000;2;                  -0,09639;;;;
2000;3;                  -0,10447;;;;
2000;4;                  -0,10628;;;;
2001;1;                  -0,10714;;;;
2001;2;                  -0,09525;;;;
2001;3;                  -0,10344;;;;
2001;4;                  -0,08826;;;;
2002;1;                  -0,10261;;;;
2002;2;                  -0,11467;;;;
2002;3;                  -0,11485;;;;
2002;4;                  -0,12398;;;;
2003;1;                  -0,13536;;;;
2003;2;                  -0,12934;;;;
2003;3;                  -0,13011;;;;
2003;4;                  -0,12749;;;;
2004;1;                  -0,13699;;;;
2004;2;                  -0,15611;;;;
2004;3;                  -0,16150;;;;
2004;4;                  -0,18129;;;;
2005;1;                  -0,17082;;;;
2005;2;                  -0,18064;;;;
2005;3;                  -0,18819;;;;
2005;4;                  -0,20957;;;;
2006;1;                  -0,19951;;;;
2006;2;                  -0,20495;;;;
2006;3;                  -0,21844;;;;
2006;4;                  -0,19375;;;;
2007;1;                  -0,20032;;;;
2007;2;                  -0,19333;;;;
2007;3;                  -0,17576;;;;
2007;4;                  -0,16714;;;;
2008;1;                  -0,18228;;;;
2008;2;                  -0,17982;;;;
2008;3;                  -0,17819;;;;
2008;4;                  -0,15623;;;;
2009;1;                  -0,09940;;;;
2009;2;                  -0,08709;;;;
2009;3;                  -0,09138;;;;
2009;4;                  -0,10185;;;;
2010;1;                  -0,10303;;;;
2010;2;                  -0,11174;;;;
2010;3;                  -0,11662;;;;
2010;4;                  -0,10062;;;;
2011;1;                  -0,11924;;;;
2011;2;                  -0,11944;;;;
2011;3;                  -0,10686;;;;
2011;4;                  -0,10977;;;;
2012;1;                  -0,11391;;;;
2012;2;                  -0,11000;;;;
2012;3;                  -0,09887;;;;
2012;4;                  -0,09540;;;;
2013;1;                  -0,09092;;;;
2013;2;                  -0,08916;;;;
2013;3;                  -0,08539;;;;
2013;4;                  -0,07404;;;;
2014;1;                  -0,09091;;;;
2014;2;                  -0,08717;;;;
2014;3;                  -0,08919;;;;
2014;4;                  -0,10278;;;;
2015;1;                  -0,09940;;;;
2015;2;                  -0,09948;;;;
2015;3;                  -0,10993;;;;
2015;4;                  -0,09966;;;;
2016;1;                  -0,10402;;;;
2016;2;                  -0,10048;;;;
2016;3;                  -0,09956;;;;
2016;4;                  -0,09216;;;;
2017;1;                  -0,08546;;;;
2017;2;                  -0,10394;;;;
2017;3;                  -0,08577;;;;
2017;4;                  -0,09245;;;;
2018;1;                  -0,09692;;;;
2018;2;                  -0,09415;;;;
2018;3;                  -0,11945;;;;
2018;4;                  -0,12932;;;;
2019;1;                  -0,11548;;;;
2019;2;                  -0,11648;;;;
2019;3;                  -0,10979;;;;
2019;4;                  -0,10000;;;;
2020;1;                  -0,10045;;;;
2020;2;                  -0,14923;;;;
2020;3;                  -0,16726;;;;
2020;4;                  -0,18020;;;;
2021;1;                  -0,17555;;;;
2021;2;                  -0,20022;;;;
2021;3;                  -0,22673;;;;
2021;4;                  -0,22895;;;;
2022;1;                  -0,28390;;;;
2022;2;                  -0,24878;;;;
2022;3;                  -0,22276;;;;
2022;4;                  -0,21615;;;;
2023;1;                  -0,21266;;;;
2023;2;                  -0,21498;;;;
2023;3;                  -0,19638;;;;
2023;4;                  -0,19481;;;;
 