annus;mes;observaciones;código; título; unidad; fuente; notas
1995;1;                   4,90000;681041;INDICADOR DE CONFIANZA EN LA INDUSTRIA MANUFACTURERA REPUBLICA CHECA. CVEC;PORCENTAJE;COMISIÓN EUROPEA;Business and consumer surveys  (https://economy-finance.ec.europa.eu/economic-forecast-and-surveys_en).  
1995;2;                   6,10000;;;;
1995;3;                  13,00000;;;;
1995;4;                   4,90000;;;;
1995;5;                  14,00000;;;;
1995;6;                  -4,10000;;;;
1995;7;                   2,20000;;;;
1995;8;                   3,80000;;;;
1995;9;                   2,50000;;;;
1995;10;                   3,70000;;;;
1995;11;                  -2,60000;;;;
1995;12;                  -6,30000;;;;
1996;1;                   1,60000;;;;
1996;2;                  -0,50000;;;;
1996;3;                  -9,10000;;;;
1996;4;                  -7,30000;;;;
1996;5;                  -0,60000;;;;
1996;6;                  -2,00000;;;;
1996;7;                  -7,60000;;;;
1996;8;                  -3,40000;;;;
1996;9;                   5,30000;;;;
1996;10;                   5,40000;;;;
1996;11;                   1,60000;;;;
1996;12;                   6,30000;;;;
1997;1;                   1,70000;;;;
1997;2;                  -1,90000;;;;
1997;3;                   3,10000;;;;
1997;4;                  -2,40000;;;;
1997;5;                   4,80000;;;;
1997;6;                  -0,40000;;;;
1997;7;                   3,90000;;;;
1997;8;                  12,90000;;;;
1997;9;                  12,00000;;;;
1997;10;                   5,20000;;;;
1997;11;                  11,10000;;;;
1997;12;                   9,00000;;;;
1998;1;                   7,20000;;;;
1998;2;                   9,90000;;;;
1998;3;                   6,00000;;;;
1998;4;                  -2,00000;;;;
1998;5;                 -10,80000;;;;
1998;6;                  -6,40000;;;;
1998;7;                  -8,30000;;;;
1998;8;                  -8,00000;;;;
1998;9;                 -10,20000;;;;
1998;10;                 -21,90000;;;;
1998;11;                 -22,60000;;;;
1998;12;                 -24,30000;;;;
1999;1;                 -27,00000;;;;
1999;2;                 -18,50000;;;;
1999;3;                 -29,00000;;;;
1999;4;                 -19,80000;;;;
1999;5;                 -16,40000;;;;
1999;6;                  -7,80000;;;;
1999;7;                  -2,80000;;;;
1999;8;                 -15,40000;;;;
1999;9;                  10,20000;;;;
1999;10;                   4,20000;;;;
1999;11;                  12,20000;;;;
1999;12;                  13,80000;;;;
2000;1;                   7,90000;;;;
2000;2;                   9,90000;;;;
2000;3;                  14,00000;;;;
2000;4;                  11,50000;;;;
2000;5;                  20,20000;;;;
2000;6;                  28,20000;;;;
2000;7;                  19,00000;;;;
2000;8;                   9,70000;;;;
2000;9;                  19,80000;;;;
2000;10;                  15,10000;;;;
2000;11;                  11,50000;;;;
2000;12;                   4,70000;;;;
2001;1;                  10,50000;;;;
2001;2;                   4,80000;;;;
2001;3;                   8,70000;;;;
2001;4;                   9,20000;;;;
2001;5;                   5,60000;;;;
2001;6;                  -0,60000;;;;
2001;7;                   2,50000;;;;
2001;8;                   7,00000;;;;
2001;9;                   5,80000;;;;
2001;10;                  -5,90000;;;;
2001;11;                  -9,00000;;;;
2001;12;                  -2,30000;;;;
2002;1;                   4,90000;;;;
2002;2;                  -2,40000;;;;
2002;3;                   4,80000;;;;
2002;4;                  -0,50000;;;;
2002;5;                   0,60000;;;;
2002;6;                   2,50000;;;;
2002;7;                   2,40000;;;;
2002;8;                   3,20000;;;;
2002;9;                   1,10000;;;;
2002;10;                   4,40000;;;;
2002;11;                   1,10000;;;;
2002;12;                   1,50000;;;;
2003;1;                   5,20000;;;;
2003;2;                   5,30000;;;;
2003;3;                   4,80000;;;;
2003;4;                   8,30000;;;;
2003;5;                   5,40000;;;;
2003;6;                   3,10000;;;;
2003;7;                   1,40000;;;;
2003;8;                  -0,10000;;;;
2003;9;                  -0,40000;;;;
2003;10;                   4,70000;;;;
2003;11;                  11,00000;;;;
2003;12;                   7,90000;;;;
2004;1;                   7,50000;;;;
2004;2;                   6,60000;;;;
2004;3;                   7,40000;;;;
2004;4;                   9,10000;;;;
2004;5;                   7,00000;;;;
2004;6;                  12,00000;;;;
2004;7;                   9,80000;;;;
2004;8;                   9,00000;;;;
2004;9;                  12,60000;;;;
2004;10;                  10,50000;;;;
2004;11;                  13,60000;;;;
2004;12;                  13,90000;;;;
2005;1;                  11,30000;;;;
2005;2;                   8,60000;;;;
2005;3;                   6,00000;;;;
2005;4;                   3,80000;;;;
2005;5;                   7,20000;;;;
2005;6;                   6,10000;;;;
2005;7;                   9,30000;;;;
2005;8;                   5,50000;;;;
2005;9;                   5,60000;;;;
2005;10;                  10,30000;;;;
2005;11;                   9,20000;;;;
2005;12;                  11,50000;;;;
2006;1;                  11,40000;;;;
2006;2;                   8,90000;;;;
2006;3;                   9,90000;;;;
2006;4;                   9,40000;;;;
2006;5;                  10,50000;;;;
2006;6;                  10,20000;;;;
2006;7;                  12,60000;;;;
2006;8;                  14,10000;;;;
2006;9;                  10,70000;;;;
2006;10;                  14,10000;;;;
2006;11;                  16,70000;;;;
2006;12;                  17,60000;;;;
2007;1;                  15,20000;;;;
2007;2;                  13,40000;;;;
2007;3;                  15,20000;;;;
2007;4;                  14,50000;;;;
2007;5;                  17,00000;;;;
2007;6;                  16,60000;;;;
2007;7;                  16,20000;;;;
2007;8;                  15,80000;;;;
2007;9;                  14,20000;;;;
2007;10;                  17,40000;;;;
2007;11;                  16,20000;;;;
2007;12;                  18,00000;;;;
2008;1;                  18,00000;;;;
2008;2;                  15,00000;;;;
2008;3;                  12,10000;;;;
2008;4;                  11,80000;;;;
2008;5;                   9,20000;;;;
2008;6;                   6,70000;;;;
2008;7;                   5,30000;;;;
2008;8;                   2,20000;;;;
2008;9;                  -5,20000;;;;
2008;10;                 -12,60000;;;;
2008;11;                 -16,20000;;;;
2008;12;                 -31,10000;;;;
2009;1;                 -30,60000;;;;
2009;2;                 -36,20000;;;;
2009;3;                 -30,40000;;;;
2009;4;                 -22,20000;;;;
2009;5;                 -20,50000;;;;
2009;6;                 -15,20000;;;;
2009;7;                 -14,80000;;;;
2009;8;                 -13,70000;;;;
2009;9;                 -10,70000;;;;
2009;10;                 -15,60000;;;;
2009;11;                 -15,40000;;;;
2009;12;                 -11,70000;;;;
2010;1;                  -8,00000;;;;
2010;2;                  -4,70000;;;;
2010;3;                  -6,80000;;;;
2010;4;                   2,20000;;;;
2010;5;                   4,30000;;;;
2010;6;                   4,40000;;;;
2010;7;                   7,80000;;;;
2010;8;                   7,00000;;;;
2010;9;                   4,30000;;;;
2010;10;                   4,00000;;;;
2010;11;                   6,70000;;;;
2010;12;                  12,60000;;;;
2011;1;                  12,80000;;;;
2011;2;                   6,80000;;;;
2011;3;                   4,40000;;;;
2011;4;                   6,00000;;;;
2011;5;                   2,60000;;;;
2011;6;                   2,90000;;;;
2011;7;                   4,10000;;;;
2011;8;                   3,40000;;;;
2011;9;                   0,30000;;;;
2011;10;                   2,10000;;;;
2011;11;                  -0,20000;;;;
2011;12;                  -3,10000;;;;
2012;1;                  -1,60000;;;;
2012;2;                  -2,40000;;;;
2012;3;                  -1,30000;;;;
2012;4;                  -0,70000;;;;
2012;5;                  -2,30000;;;;
2012;6;                  -4,00000;;;;
2012;7;                  -6,90000;;;;
2012;8;                  -7,00000;;;;
2012;9;                  -7,70000;;;;
2012;10;                  -9,60000;;;;
2012;11;                 -13,70000;;;;
2012;12;                  -8,30000;;;;
2013;1;                  -9,30000;;;;
2013;2;                  -7,30000;;;;
2013;3;                  -8,80000;;;;
2013;4;                  -8,40000;;;;
2013;5;                  -7,80000;;;;
2013;6;                  -8,10000;;;;
2013;7;                  -5,30000;;;;
2013;8;                  -4,90000;;;;
2013;9;                  -3,70000;;;;
2013;10;                  -0,70000;;;;
2013;11;                   2,60000;;;;
2013;12;                   0,90000;;;;
2014;1;                  -0,40000;;;;
2014;2;                   0,90000;;;;
2014;3;                   0,90000;;;;
2014;4;                   3,00000;;;;
2014;5;                   3,10000;;;;
2014;6;                   1,70000;;;;
2014;7;                   1,00000;;;;
2014;8;                   2,00000;;;;
2014;9;                   2,90000;;;;
2014;10;                   1,70000;;;;
2014;11;                   0,80000;;;;
2014;12;                   2,40000;;;;
2015;1;                   1,60000;;;;
2015;2;                   1,50000;;;;
2015;3;                   4,00000;;;;
2015;4;                   4,80000;;;;
2015;5;                   4,30000;;;;
2015;6;                   5,10000;;;;
2015;7;                   4,80000;;;;
2015;8;                   2,60000;;;;
2015;9;                   2,90000;;;;
2015;10;                   0,50000;;;;
2015;11;                  -0,40000;;;;
2015;12;                   0,80000;;;;
2016;1;                   4,20000;;;;
2016;2;                   2,90000;;;;
2016;3;                   1,90000;;;;
2016;4;                   3,80000;;;;
2016;5;                   3,70000;;;;
2016;6;                   2,90000;;;;
2016;7;                   4,40000;;;;
2016;8;                   5,70000;;;;
2016;9;                   5,30000;;;;
2016;10;                   3,80000;;;;
2016;11;                   5,80000;;;;
2016;12;                   6,30000;;;;
2017;1;                   4,10000;;;;
2017;2;                   3,40000;;;;
2017;3;                   1,90000;;;;
2017;4;                   2,90000;;;;
2017;5;                   1,70000;;;;
2017;6;                   2,80000;;;;
2017;7;                   2,50000;;;;
2017;8;                   3,70000;;;;
2017;9;                   4,50000;;;;
2017;10;                   7,30000;;;;
2017;11;                   5,30000;;;;
2017;12;                   4,10000;;;;
2018;1;                   2,30000;;;;
2018;2;                   1,80000;;;;
2018;3;                   5,30000;;;;
2018;4;                   5,40000;;;;
2018;5;                   3,30000;;;;
2018;6;                   3,70000;;;;
2018;7;                  -1,00000;;;;
2018;8;                  -0,60000;;;;
2018;9;                   2,00000;;;;
2018;10;                   2,40000;;;;
2018;11;                   2,10000;;;;
2018;12;                   0,50000;;;;
2019;1;                  -0,40000;;;;
2019;2;                  -1,30000;;;;
2019;3;                   0,00000;;;;
2019;4;                  -1,20000;;;;
2019;5;                  -3,10000;;;;
2019;6;                  -4,80000;;;;
2019;7;                  -5,60000;;;;
2019;8;                  -5,10000;;;;
2019;9;                  -0,80000;;;;
2019;10;                  -4,20000;;;;
2019;11;                  -5,70000;;;;
2019;12;                  -5,00000;;;;
2020;1;                  -8,50000;;;;
2020;2;                  -6,00000;;;;
2020;3;                 -10,20000;;;;
2020;4;                 -34,60000;;;;
2020;5;                 -31,70000;;;;
2020;6;                 -34,50000;;;;
2020;7;                  -6,90000;;;;
2020;8;                  -4,00000;;;;
2020;9;                  -1,50000;;;;
2020;10;                  -0,50000;;;;
2020;11;                  -7,20000;;;;
2020;12;                  -2,30000;;;;
2021;1;                  -4,90000;;;;
2021;2;                   0,10000;;;;
2021;3;                  -2,30000;;;;
2021;4;                  -1,00000;;;;
2021;5;                   0,70000;;;;
2021;6;                   6,10000;;;;
2021;7;                  -1,80000;;;;
2021;8;                  -3,00000;;;;
2021;9;                  -8,00000;;;;
2021;10;                 -10,70000;;;;
2021;11;                  -3,70000;;;;
2021;12;                  -2,30000;;;;
2022;1;                   0,60000;;;;
2022;2;                   4,30000;;;;
2022;3;                  -5,90000;;;;
2022;4;                  -1,70000;;;;
2022;5;                   4,60000;;;;
2022;6;                   3,70000;;;;
2022;7;                  -3,00000;;;;
2022;8;                  -4,70000;;;;
2022;9;                  -3,40000;;;;
2022;10;                 -11,70000;;;;
2022;11;                 -13,40000;;;;
2022;12;                  -9,00000;;;;
2023;1;                  -3,80000;;;;
2023;2;                  -6,40000;;;;
2023;3;                   0,50000;;;;
2023;4;                  -3,90000;;;;
2023;5;                  -9,10000;;;;
2023;6;                 -15,50000;;;;
2023;7;                 -14,40000;;;;
2023;8;                  -8,40000;;;;
2023;9;                 -14,20000;;;;
2023;10;                  -5,70000;;;;
2023;11;                  -7,80000;;;;
2023;12;                  -5,50000;;;;
2024;1;                  -8,50000;;;;
2024;2;                 -11,30000;;;;
2024;3;                  -7,60000;;;;
 