Año;Trimestre;Observaciones;Código;Título;Unidad;Fuente;Notas
1955;1;                4577,00000;691009tr;PIB. PRECIOS CORRIENTES. REINO UNIDO;MILLONES DE MONEDA NACIONAL;REFINITIV;Esta serie puede estar actualizada con cierto retardo respecto a la fuente..  
1955;2;                4643,00000;;;;
1955;3;                4868,00000;;;;
1955;4;                5081,00000;;;;
1956;1;                4981,00000;;;;
1956;2;                5162,00000;;;;
1956;3;                5195,00000;;;;
1956;4;                5505,00000;;;;
1957;1;                5300,00000;;;;
1957;2;                5475,00000;;;;
1957;3;                5530,00000;;;;
1957;4;                5799,00000;;;;
1958;1;                5705,00000;;;;
1958;2;                5722,00000;;;;
1958;3;                5778,00000;;;;
1958;4;                6015,00000;;;;
1959;1;                5819,00000;;;;
1959;2;                6057,00000;;;;
1959;3;                6065,00000;;;;
1959;4;                6446,00000;;;;
1960;1;                6304,00000;;;;
1960;2;                6502,00000;;;;
1960;3;                6536,00000;;;;
1960;4;                6859,00000;;;;
1961;1;                6744,00000;;;;
1961;2;                6915,00000;;;;
1961;3;                7066,00000;;;;
1961;4;                7193,00000;;;;
1962;1;                6966,00000;;;;
1962;2;                7345,00000;;;;
1962;3;                7340,00000;;;;
1962;4;                7585,00000;;;;
1963;1;                7181,00000;;;;
1963;2;                7801,00000;;;;
1963;3;                7818,00000;;;;
1963;4;                8301,00000;;;;
1964;1;                8005,00000;;;;
1964;2;                8491,00000;;;;
1964;3;                8546,00000;;;;
1964;4;                9008,00000;;;;
1965;1;                8811,00000;;;;
1965;2;                9115,00000;;;;
1965;3;                9231,00000;;;;
1965;4;                9674,00000;;;;
1966;1;                9445,00000;;;;
1966;2;                9759,00000;;;;
1966;3;                9881,00000;;;;
1966;4;               10314,00000;;;;
1967;1;               10001,00000;;;;
1967;2;               10413,00000;;;;
1967;3;               10428,00000;;;;
1967;4;               10843,00000;;;;
1968;1;               10834,00000;;;;
1968;2;               11172,00000;;;;
1968;3;               11551,00000;;;;
1968;4;               12252,00000;;;;
1969;1;               11803,00000;;;;
1969;2;               12188,00000;;;;
1969;3;               12471,00000;;;;
1969;4;               13319,00000;;;;
1970;1;               12885,00000;;;;
1970;2;               13714,00000;;;;
1970;3;               14195,00000;;;;
1970;4;               15267,00000;;;;
1971;1;               14566,00000;;;;
1971;2;               15387,00000;;;;
1971;3;               15960,00000;;;;
1971;4;               16975,00000;;;;
1972;1;               16271,00000;;;;
1972;2;               17231,00000;;;;
1972;3;               17666,00000;;;;
1972;4;               19424,00000;;;;
1973;1;               19616,00000;;;;
1973;2;               19549,00000;;;;
1973;3;               20639,00000;;;;
1973;4;               21997,00000;;;;
1974;1;               20678,00000;;;;
1974;2;               22208,00000;;;;
1974;3;               23952,00000;;;;
1974;4;               25843,00000;;;;
1975;1;               26187,00000;;;;
1975;2;               27724,00000;;;;
1975;3;               29366,00000;;;;
1975;4;               31823,00000;;;;
1976;1;               31938,00000;;;;
1976;2;               32781,00000;;;;
1976;3;               34623,00000;;;;
1976;4;               37663,00000;;;;
1977;1;               37021,00000;;;;
1977;2;               38812,00000;;;;
1977;3;               40531,00000;;;;
1977;4;               43447,00000;;;;
1978;1;               43337,00000;;;;
1978;2;               45281,00000;;;;
1978;3;               47342,00000;;;;
1978;4;               50235,00000;;;;
1979;1;               49542,00000;;;;
1979;2;               53325,00000;;;;
1979;3;               57004,00000;;;;
1979;4;               61167,00000;;;;
1980;1;               61155,00000;;;;
1980;2;               62796,00000;;;;
1980;3;               66254,00000;;;;
1980;4;               69831,00000;;;;
1981;1;               68708,00000;;;;
1981;2;               70401,00000;;;;
1981;3;               73302,00000;;;;
1981;4;               77851,00000;;;;
1982;1;               76786,00000;;;;
1982;2;               77845,00000;;;;
1982;3;               80433,00000;;;;
1982;4;               84566,00000;;;;
1983;1;               84674,00000;;;;
1983;2;               84788,00000;;;;
1983;3;               88753,00000;;;;
1983;4;               93191,00000;;;;
1984;1;               91384,00000;;;;
1984;2;               90670,00000;;;;
1984;3;               94689,00000;;;;
1984;4;              101218,00000;;;;
1985;1;               99441,00000;;;;
1985;2;              100297,00000;;;;
1985;3;              104867,00000;;;;
1985;4;              110060,00000;;;;
1986;1;              108553,00000;;;;
1986;2;              108043,00000;;;;
1986;3;              111649,00000;;;;
1986;4;              118458,00000;;;;
1987;1;              117445,00000;;;;
1987;2;              118864,00000;;;;
1987;3;              127241,00000;;;;
1987;4;              133459,00000;;;;
1988;1;              132298,00000;;;;
1988;2;              134292,00000;;;;
1988;3;              141048,00000;;;;
1988;4;              148422,00000;;;;
1989;1;              146810,00000;;;;
1989;2;              148761,00000;;;;
1989;3;              156039,00000;;;;
1989;4;              163541,00000;;;;
1990;1;              161950,00000;;;;
1990;2;              164165,00000;;;;
1990;3;              170338,00000;;;;
1990;4;              174986,00000;;;;
1991;1;              170471,00000;;;;
1991;2;              172770,00000;;;;
1991;3;              178924,00000;;;;
1991;4;              184500,00000;;;;
1992;1;              179913,00000;;;;
1992;2;              178830,00000;;;;
1992;3;              183065,00000;;;;
1992;4;              189985,00000;;;;
1993;1;              186484,00000;;;;
1993;2;              187428,00000;;;;
1993;3;              194452,00000;;;;
1993;4;              202507,00000;;;;
1994;1;              198373,00000;;;;
1994;2;              197739,00000;;;;
1994;3;              204463,00000;;;;
1994;4;              211341,00000;;;;
1995;1;              207953,00000;;;;
1995;2;              207931,00000;;;;
1995;3;              214200,00000;;;;
1995;4;              222993,00000;;;;
1996;1;              221097,00000;;;;
1996;2;              222999,00000;;;;
1996;3;              228796,00000;;;;
1996;4;              238366,00000;;;;
1997;1;              234387,00000;;;;
1997;2;              234799,00000;;;;
1997;3;              240830,00000;;;;
1997;4;              243936,00000;;;;
1998;1;              245917,00000;;;;
1998;2;              246210,00000;;;;
1998;3;              249739,00000;;;;
1998;4;              257460,00000;;;;
1999;1;              257313,00000;;;;
1999;2;              256512,00000;;;;
1999;3;              261679,00000;;;;
1999;4;              268646,00000;;;;
2000;1;              271657,00000;;;;
2000;2;              271361,00000;;;;
2000;3;              276702,00000;;;;
2000;4;              281423,00000;;;;
2001;1;              284855,00000;;;;
2001;2;              282683,00000;;;;
2001;3;              288159,00000;;;;
2001;4;              289626,00000;;;;
2002;1;              292531,00000;;;;
2002;2;              293128,00000;;;;
2002;3;              300525,00000;;;;
2002;4;              305331,00000;;;;
2003;1;              310063,00000;;;;
2003;2;              308992,00000;;;;
2003;3;              317136,00000;;;;
2003;4;              323484,00000;;;;
2004;1;              325682,00000;;;;
2004;2;              326139,00000;;;;
2004;3;              333188,00000;;;;
2004;4;              338411,00000;;;;
2005;1;              344540,00000;;;;
2005;2;              345306,00000;;;;
2005;3;              350411,00000;;;;
2005;4;              359386,00000;;;;
2006;1;              365867,00000;;;;
2006;2;              361575,00000;;;;
2006;3;              369686,00000;;;;
2006;4;              375709,00000;;;;
2007;1;              380993,00000;;;;
2007;2;              379609,00000;;;;
2007;3;              390168,00000;;;;
2007;4;              395022,00000;;;;
2008;1;              402228,00000;;;;
2008;2;              396938,00000;;;;
2008;3;              398235,00000;;;;
2008;4;              397336,00000;;;;
2009;1;              390885,00000;;;;
2009;2;              382330,00000;;;;
2009;3;              387732,00000;;;;
2009;4;              390935,00000;;;;
2010;1;              400334,00000;;;;
2010;2;              399174,00000;;;;
2010;3;              403647,00000;;;;
2010;4;              409226,00000;;;;
2011;1;              418427,00000;;;;
2011;2;              408813,00000;;;;
2011;3;              414725,00000;;;;
2011;4;              422246,00000;;;;
2012;1;              425568,00000;;;;
2012;2;              422093,00000;;;;
2012;3;              428724,00000;;;;
2012;4;              436856,00000;;;;
2013;1;              439310,00000;;;;
2013;2;              440085,00000;;;;
2013;3;              446459,00000;;;;
2013;4;              456442,00000;;;;
2014;1;              463110,00000;;;;
2014;2;              460481,00000;;;;
2014;3;              465738,00000;;;;
2014;4;              473498,00000;;;;
2015;1;              476180,00000;;;;
2015;2;              476035,00000;;;;
2015;3;              479642,00000;;;;
2015;4;              489141,00000;;;;
2016;1;              492752,00000;;;;
2016;2;              494155,00000;;;;
2016;3;              497377,00000;;;;
2016;4;              515177,00000;;;;
2017;1;              516222,00000;;;;
2017;2;              513353,00000;;;;
2017;3;              519869,00000;;;;
2017;4;              535564,00000;;;;
2018;1;              534139,00000;;;;
2018;2;              534019,00000;;;;
2018;3;              537372,00000;;;;
2018;4;              551880,00000;;;;
2019;1;              553951,00000;;;;
2019;2;              550695,00000;;;;
2019;3;              557939,00000;;;;
2019;4;              575763,00000;;;;
2020;1;              565026,00000;;;;
2020;2;              474378,00000;;;;
2020;3;              524344,00000;;;;
2020;4;              545846,00000;;;;
2021;1;              540636,00000;;;;
2021;2;              560954,00000;;;;
2021;3;              569158,00000;;;;
2021;4;              599498,00000;;;;
2022;1;              607985,00000;;;;
2022;2;              611069,00000;;;;
2022;3;              621378,00000;;;;
 