annus;mes;día;observaciones;código; título; unidad; fuente; notas
2019;9;26;                  -0,53900;867216qb02;TIPO INTERES. BCE. DEPOSITOS A 1 DIA UEM (€STER). SWAPS A 2 MESES;PORCENTAJE;REFINITIV;Tipos de interés Fuente: Refinitiv 
2019;9;27;                  -0,53800;;;;
2019;9;30;                  -0,53800;;;;
2019;10;1;                  -0,53800;;;;
2019;10;2;                  -0,54000;;;;
2019;10;3;                  -0,54000;;;;
2019;10;4;                  -0,53600;;;;
2019;10;7;                  -0,54100;;;;
2019;10;8;                  -0,53900;;;;
2019;10;9;                  -0,53500;;;;
2019;10;10;                  -0,53400;;;;
2019;10;11;                  -0,53300;;;;
2019;10;14;                  -0,53700;;;;
2019;10;15;                  -0,52800;;;;
2019;10;16;                  -0,52600;;;;
2019;10;17;                  -0,52600;;;;
2019;10;18;                  -0,52580;;;;
2019;10;21;                  -0,52680;;;;
2019;10;22;                  -0,52740;;;;
2019;10;23;                  -0,52720;;;;
2019;10;24;                  -0,52840;;;;
2019;10;25;                  -0,52750;;;;
2019;10;28;                  -0,52470;;;;
2019;10;29;                  -0,52650;;;;
2019;10;30;                  -0,53000;;;;
2019;10;31;                  -0,54010;;;;
2019;11;1;                  -0,53930;;;;
2019;11;4;                  -0,54360;;;;
2019;11;5;                  -0,53640;;;;
2019;11;6;                  -0,53670;;;;
2019;11;7;                  -0,53270;;;;
2019;11;8;                  -0,53420;;;;
2019;11;11;                  -0,53600;;;;
2019;11;12;                  -0,53800;;;;
2019;11;13;                  -0,53620;;;;
2019;11;14;                  -0,53460;;;;
2019;11;15;                  -0,53500;;;;
2019;11;18;                  -0,53790;;;;
2019;11;19;                  -0,54000;;;;
2019;11;20;                  -0,54110;;;;
2019;11;21;                  -0,53780;;;;
2019;11;22;                  -0,54140;;;;
2019;11;25;                  -0,53820;;;;
2019;11;26;                  -0,53640;;;;
2019;11;27;                  -0,53420;;;;
2019;11;28;                  -0,53260;;;;
2019;11;29;                  -0,53030;;;;
2019;12;2;                  -0,53120;;;;
2019;12;3;                  -0,53270;;;;
2019;12;4;                  -0,53330;;;;
2019;12;5;                  -0,53380;;;;
2019;12;6;                  -0,53360;;;;
2019;12;9;                  -0,53630;;;;
2019;12;10;                  -0,53380;;;;
2019;12;11;                  -0,53400;;;;
2019;12;12;                  -0,53740;;;;
2019;12;13;                  -0,53590;;;;
2019;12;16;                  -0,53820;;;;
2019;12;17;                  -0,53550;;;;
2019;12;18;                  -0,52850;;;;
2019;12;19;                  -0,53100;;;;
2019;12;20;                  -0,53000;;;;
2019;12;23;                  -0,52960;;;;
2019;12;24;                  -0,52880;;;;
2019;12;25;                  -0,52880;;;;
2019;12;26;                  -0,52880;;;;
2019;12;27;                  -0,53000;;;;
2019;12;30;                  -0,52960;;;;
2019;12;31;                  -0,53000;;;;
2020;1;1;                  -0,53000;;;;
2020;1;2;                  -0,53110;;;;
2020;1;3;                  -0,53580;;;;
2020;1;6;                  -0,53750;;;;
2020;1;7;                  -0,53920;;;;
2020;1;8;                  -0,53800;;;;
2020;1;9;                  -0,53500;;;;
2020;1;10;                  -0,53510;;;;
2020;1;13;                  -0,53570;;;;
2020;1;14;                  -0,53610;;;;
2020;1;15;                  -0,53590;;;;
2020;1;16;                  -0,53540;;;;
2020;1;17;                  -0,53600;;;;
2020;1;20;                  -0,53640;;;;
2020;1;21;                  -0,53560;;;;
2020;1;22;                  -0,53540;;;;
2020;1;23;                  -0,53530;;;;
2020;1;24;                  -0,53570;;;;
2020;1;27;                  -0,53860;;;;
2020;1;28;                  -0,53750;;;;
2020;1;29;                  -0,53600;;;;
2020;1;30;                  -0,53970;;;;
2020;1;31;                  -0,54140;;;;
2020;2;3;                  -0,54110;;;;
2020;2;4;                  -0,53930;;;;
2020;2;5;                  -0,53940;;;;
2020;2;6;                  -0,53900;;;;
2020;2;7;                  -0,53970;;;;
2020;2;10;                  -0,54050;;;;
2020;2;11;                  -0,54190;;;;
2020;2;12;                  -0,54180;;;;
2020;2;13;                  -0,54140;;;;
2020;2;14;                  -0,54160;;;;
2020;2;17;                  -0,54110;;;;
2020;2;18;                  -0,54080;;;;
2020;2;19;                  -0,53850;;;;
2020;2;20;                  -0,53820;;;;
2020;2;21;                  -0,53710;;;;
2020;2;24;                  -0,54420;;;;
2020;2;25;                  -0,55090;;;;
2020;2;26;                  -0,55230;;;;
2020;2;27;                  -0,54500;;;;
2020;2;28;                  -0,57800;;;;
2020;3;2;                  -0,61010;;;;
2020;3;3;                  -0,61400;;;;
2020;3;4;                  -0,61520;;;;
2020;3;5;                  -0,60970;;;;
2020;3;6;                  -0,62150;;;;
2020;3;9;                  -0,63700;;;;
2020;3;10;                  -0,63500;;;;
2020;3;11;                  -0,67180;;;;
2020;3;12;                  -0,60060;;;;
2020;3;13;                  -0,56770;;;;
2020;3;16;                  -0,60440;;;;
2020;3;17;                  -0,58800;;;;
2020;3;18;                  -0,57640;;;;
2020;3;19;                  -0,57310;;;;
2020;3;20;                  -0,57100;;;;
2020;3;23;                  -0,57380;;;;
2020;3;24;                  -0,56400;;;;
2020;3;25;                  -0,55470;;;;
2020;3;26;                  -0,58000;;;;
2020;3;27;                  -0,55190;;;;
2020;3;30;                  -0,54930;;;;
2020;3;31;                  -0,54080;;;;
2020;4;1;                  -0,53570;;;;
2020;4;2;                  -0,54400;;;;
2020;4;3;                  -0,54330;;;;
2020;4;6;                  -0,54180;;;;
2020;4;7;                  -0,54460;;;;
2020;4;8;                  -0,54300;;;;
2020;4;9;                  -0,55800;;;;
2020;4;10;                  -0,55800;;;;
2020;4;13;                  -0,54400;;;;
2020;4;14;                  -0,54220;;;;
2020;4;15;                  -0,54140;;;;
2020;4;16;                  -0,53790;;;;
2020;4;17;                  -0,54540;;;;
2020;4;20;                  -0,54280;;;;
2020;4;21;                  -0,54440;;;;
2020;4;22;                  -0,54750;;;;
2020;4;23;                  -0,54870;;;;
2020;4;24;                  -0,57500;;;;
2020;4;27;                  -0,56180;;;;
2020;4;28;                  -0,56230;;;;
2020;4;29;                  -0,55410;;;;
2020;4;30;                  -0,56030;;;;
2020;5;1;                  -0,52700;;;;
2020;5;4;                  -0,52500;;;;
2020;5;5;                  -0,55400;;;;
2020;5;6;                  -0,55020;;;;
2020;5;7;                  -0,55260;;;;
2020;5;8;                  -0,51500;;;;
2020;5;11;                  -0,54970;;;;
2020;5;12;                  -0,51900;;;;
2020;5;13;                  -0,54300;;;;
2020;5;14;                  -0,55020;;;;
2020;5;15;                  -0,54770;;;;
2020;5;18;                  -0,54960;;;;
2020;5;19;                  -0,54680;;;;
2020;5;20;                  -0,54780;;;;
2020;5;21;                  -0,55040;;;;
2020;5;22;                  -0,54980;;;;
2020;5;25;                  -0,54730;;;;
2020;5;26;                  -0,54790;;;;
2020;5;27;                  -0,55220;;;;
2020;5;28;                  -0,55350;;;;
2020;5;29;                  -0,55020;;;;
2020;6;1;                  -0,55080;;;;
2020;6;2;                  -0,55300;;;;
2020;6;3;                  -0,55140;;;;
2020;6;4;                  -0,54880;;;;
2020;6;5;                  -0,55120;;;;
2020;6;8;                  -0,55360;;;;
2020;6;9;                  -0,55230;;;;
2020;6;10;                  -0,55230;;;;
2020;6;11;                  -0,55700;;;;
2020;6;12;                  -0,55810;;;;
2020;6;15;                  -0,56010;;;;
2020;6;16;                  -0,56750;;;;
2020;6;17;                  -0,56780;;;;
2020;6;18;                  -0,56330;;;;
2020;6;19;                  -0,56970;;;;
2020;6;22;                  -0,56950;;;;
2020;6;23;                  -0,56600;;;;
2020;6;24;                  -0,56200;;;;
2020;6;25;                  -0,55700;;;;
2020;6;26;                  -0,55620;;;;
2020;6;29;                  -0,55580;;;;
2020;6;30;                  -0,55190;;;;
2020;7;1;                  -0,55510;;;;
2020;7;2;                  -0,55410;;;;
2020;7;3;                  -0,55730;;;;
2020;7;6;                  -0,55720;;;;
2020;7;7;                  -0,55590;;;;
2020;7;8;                  -0,55450;;;;
2020;7;9;                  -0,55350;;;;
2020;7;10;                  -0,55420;;;;
2020;7;13;                  -0,55400;;;;
2020;7;14;                  -0,55190;;;;
2020;7;15;                  -0,55170;;;;
2020;7;16;                  -0,55470;;;;
2020;7;17;                  -0,55120;;;;
2020;7;20;                  -0,55150;;;;
2020;7;21;                  -0,55200;;;;
2020;7;22;                  -0,55080;;;;
2020;7;23;                  -0,55080;;;;
2020;7;24;                  -0,55090;;;;
2020;7;27;                  -0,55100;;;;
2020;7;28;                  -0,55150;;;;
2020;7;29;                  -0,55150;;;;
2020;7;30;                  -0,55200;;;;
2020;7;31;                  -0,51300;;;;
2020;8;3;                  -0,55250;;;;
2020;8;4;                  -0,55350;;;;
2020;8;5;                  -0,54200;;;;
2020;8;6;                  -0,53000;;;;
2020;8;7;                  -0,55450;;;;
2020;8;10;                  -0,55500;;;;
2020;8;11;                  -0,55500;;;;
2020;8;12;                  -0,55500;;;;
2020;8;13;                  -0,55400;;;;
2020;8;14;                  -0,55300;;;;
2020;8;17;                  -0,55150;;;;
2020;8;18;                  -0,54800;;;;
2020;8;19;                  -0,55300;;;;
2020;8;20;                  -0,55300;;;;
2020;8;21;                  -0,51500;;;;
2020;8;24;                  -0,55300;;;;
2020;8;25;                  -0,55300;;;;
2020;8;26;                  -0,55300;;;;
2020;8;27;                  -0,55300;;;;
2020;8;28;                  -0,55200;;;;
2020;8;31;                  -0,52300;;;;
2020;9;1;                  -0,55300;;;;
2020;9;2;                  -0,55650;;;;
2020;9;3;                  -0,54300;;;;
2020;9;4;                  -0,54400;;;;
2020;9;7;                  -0,56000;;;;
2020;9;8;                  -0,56000;;;;
2020;9;9;                  -0,55200;;;;
2020;9;10;                  -0,55650;;;;
2020;9;11;                  -0,54200;;;;
2020;9;14;                  -0,52200;;;;
2020;9;15;                  -0,55700;;;;
2020;9;16;                  -0,54700;;;;
2020;9;17;                  -0,55700;;;;
2020;9;18;                  -0,55800;;;;
2020;9;21;                  -0,55800;;;;
2020;9;22;                  -0,55800;;;;
2020;9;23;                  -0,55800;;;;
2020;9;24;                  -0,55800;;;;
2020;9;25;                  -0,53900;;;;
2020;9;28;                  -0,52500;;;;
2020;9;29;                  -0,55600;;;;
2020;9;30;                  -0,55600;;;;
2020;10;1;                  -0,53500;;;;
2020;10;2;                  -0,55800;;;;
2020;10;5;                  -0,55900;;;;
2020;10;6;                  -0,55700;;;;
2020;10;7;                  -0,55900;;;;
2020;10;8;                  -0,56150;;;;
2020;10;9;                  -0,55900;;;;
2020;10;12;                  -0,56100;;;;
2020;10;13;                  -0,56000;;;;
2020;10;14;                  -0,56000;;;;
2020;10;15;                  -0,56250;;;;
2020;10;16;                  -0,56300;;;;
2020;10;19;                  -0,56300;;;;
2020;10;20;                  -0,56100;;;;
2020;10;21;                  -0,55950;;;;
2020;10;22;                  -0,56200;;;;
2020;10;23;                  -0,56200;;;;
2020;10;26;                  -0,56250;;;;
2020;10;27;                  -0,56300;;;;
2020;10;28;                  -0,56400;;;;
2020;10;29;                  -0,56900;;;;
2020;10;30;                  -0,57200;;;;
2020;11;2;                  -0,55700;;;;
2020;11;3;                  -0,56800;;;;
2020;11;4;                  -0,56900;;;;
2020;11;5;                  -0,56850;;;;
2020;11;6;                  -0,56900;;;;
2020;11;9;                  -0,56700;;;;
2020;11;10;                  -0,56550;;;;
2020;11;11;                  -0,56500;;;;
2020;11;12;                  -0,56420;;;;
2020;11;13;                  -0,56400;;;;
2020;11;16;                  -0,56430;;;;
2020;11;17;                  -0,56530;;;;
2020;11;18;                  -0,56400;;;;
2020;11;19;                  -0,56640;;;;
2020;11;20;                  -0,56590;;;;
2020;11;23;                  -0,56560;;;;
2020;11;24;                  -0,56590;;;;
2020;11;25;                  -0,56520;;;;
2020;11;26;                  -0,56560;;;;
2020;11;27;                  -0,56570;;;;
2020;11;30;                  -0,56670;;;;
2020;12;1;                  -0,56780;;;;
2020;12;2;                  -0,56690;;;;
2020;12;3;                  -0,57080;;;;
2020;12;4;                  -0,57310;;;;
2020;12;7;                  -0,57620;;;;
2020;12;8;                  -0,57720;;;;
2020;12;9;                  -0,57530;;;;
2020;12;10;                  -0,56400;;;;
2020;12;11;                  -0,56670;;;;
2020;12;14;                  -0,56700;;;;
2020;12;15;                  -0,56300;;;;
2020;12;16;                  -0,56400;;;;
2020;12;17;                  -0,56330;;;;
2020;12;18;                  -0,56270;;;;
2020;12;21;                  -0,56500;;;;
2020;12;22;                  -0,56350;;;;
2020;12;23;                  -0,56300;;;;
2020;12;24;                  -0,56270;;;;
2020;12;25;                  -0,56270;;;;
2020;12;28;                  -0,56400;;;;
2020;12;29;                  -0,56040;;;;
2020;12;30;                  -0,55900;;;;
2020;12;31;                  -0,55970;;;;
2021;1;1;                  -0,55970;;;;
2021;1;4;                  -0,56010;;;;
2021;1;5;                  -0,56000;;;;
2021;1;6;                  -0,56090;;;;
2021;1;7;                  -0,56340;;;;
2021;1;8;                  -0,56370;;;;
2021;1;11;                  -0,56380;;;;
2021;1;12;                  -0,56300;;;;
2021;1;13;                  -0,56530;;;;
2021;1;14;                  -0,56530;;;;
2021;1;15;                  -0,56660;;;;
2021;1;18;                  -0,56700;;;;
2021;1;19;                  -0,56710;;;;
2021;1;20;                  -0,56700;;;;
2021;1;21;                  -0,56510;;;;
2021;1;22;                  -0,56510;;;;
2021;1;25;                  -0,55800;;;;
2021;1;26;                  -0,56420;;;;
2021;1;27;                  -0,56000;;;;
2021;1;28;                  -0,56850;;;;
2021;1;29;                  -0,56880;;;;
2021;2;1;                  -0,56810;;;;
2021;2;2;                  -0,56930;;;;
2021;2;3;                  -0,56800;;;;
2021;2;4;                  -0,56830;;;;
2021;2;5;                  -0,56850;;;;
2021;2;8;                  -0,56820;;;;
2021;2;9;                  -0,56820;;;;
2021;2;10;                  -0,56750;;;;
2021;2;11;                  -0,56810;;;;
2021;2;12;                  -0,56800;;;;
2021;2;15;                  -0,56800;;;;
2021;2;16;                  -0,56630;;;;
2021;2;17;                  -0,56670;;;;
2021;2;18;                  -0,56690;;;;
2021;2;19;                  -0,56520;;;;
2021;2;22;                  -0,56400;;;;
2021;2;23;                  -0,56450;;;;
2021;2;24;                  -0,56520;;;;
2021;2;25;                  -0,56380;;;;
2021;2;26;                  -0,56540;;;;
2021;3;1;                  -0,56480;;;;
2021;3;2;                  -0,56660;;;;
2021;3;3;                  -0,56910;;;;
2021;3;4;                  -0,56680;;;;
2021;3;5;                  -0,56890;;;;
2021;3;8;                  -0,56900;;;;
2021;3;9;                  -0,56910;;;;
2021;3;10;                  -0,56850;;;;
2021;3;11;                  -0,56660;;;;
2021;3;12;                  -0,56510;;;;
2021;3;15;                  -0,56400;;;;
2021;3;16;                  -0,56700;;;;
2021;3;17;                  -0,56600;;;;
2021;3;18;                  -0,56400;;;;
2021;3;19;                  -0,56500;;;;
2021;3;22;                  -0,56660;;;;
2021;3;23;                  -0,56710;;;;
2021;3;24;                  -0,56700;;;;
2021;3;25;                  -0,56800;;;;
2021;3;26;                  -0,56750;;;;
2021;3;29;                  -0,56800;;;;
2021;3;30;                  -0,56800;;;;
2021;3;31;                  -0,56860;;;;
2021;4;1;                  -0,56960;;;;
2021;4;2;                  -0,56960;;;;
2021;4;5;                  -0,56900;;;;
2021;4;6;                  -0,56900;;;;
2021;4;7;                  -0,56830;;;;
2021;4;8;                  -0,56870;;;;
2021;4;9;                  -0,56870;;;;
2021;4;12;                  -0,56950;;;;
2021;4;13;                  -0,57030;;;;
2021;4;14;                  -0,56920;;;;
2021;4;15;                  -0,57040;;;;
2021;4;16;                  -0,57080;;;;
2021;4;19;                  -0,57090;;;;
2021;4;20;                  -0,57080;;;;
2021;4;21;                  -0,57030;;;;
2021;4;22;                  -0,56880;;;;
2021;4;23;                  -0,56910;;;;
2021;4;26;                  -0,56840;;;;
2021;4;27;                  -0,56910;;;;
2021;4;28;                  -0,56890;;;;
2021;4;29;                  -0,56910;;;;
2021;4;30;                  -0,56880;;;;
2021;5;3;                  -0,56910;;;;
2021;5;4;                  -0,56900;;;;
2021;5;5;                  -0,56900;;;;
2021;5;6;                  -0,56900;;;;
2021;5;7;                  -0,57000;;;;
2021;5;10;                  -0,56880;;;;
2021;5;11;                  -0,56900;;;;
2021;5;12;                  -0,56910;;;;
2021;5;13;                  -0,56950;;;;
2021;5;14;                  -0,56780;;;;
2021;5;17;                  -0,56800;;;;
2021;5;18;                  -0,56800;;;;
2021;5;19;                  -0,56840;;;;
2021;5;20;                  -0,56800;;;;
2021;5;21;                  -0,56800;;;;
2021;5;24;                  -0,56700;;;;
2021;5;25;                  -0,56700;;;;
2021;5;26;                  -0,56770;;;;
2021;5;27;                  -0,56850;;;;
2021;5;28;                  -0,56810;;;;
2021;5;31;                  -0,56760;;;;
2021;6;1;                  -0,56830;;;;
2021;6;2;                  -0,56890;;;;
2021;6;3;                  -0,56910;;;;
2021;6;4;                  -0,56840;;;;
2021;6;7;                  -0,56990;;;;
2021;6;8;                  -0,56880;;;;
2021;6;9;                  -0,56900;;;;
2021;6;10;                  -0,56930;;;;
2021;6;11;                  -0,56900;;;;
2021;6;14;                  -0,56910;;;;
2021;6;15;                  -0,56810;;;;
2021;6;16;                  -0,56670;;;;
2021;6;17;                  -0,56720;;;;
2021;6;18;                  -0,56640;;;;
2021;6;21;                  -0,56630;;;;
2021;6;22;                  -0,56610;;;;
2021;6;23;                  -0,56740;;;;
2021;6;24;                  -0,56700;;;;
2021;6;25;                  -0,56730;;;;
2021;6;28;                  -0,56680;;;;
2021;6;29;                  -0,56700;;;;
2021;6;30;                  -0,56700;;;;
2021;7;1;                  -0,56740;;;;
2021;7;2;                  -0,56670;;;;
2021;7;5;                  -0,56690;;;;
2021;7;6;                  -0,56700;;;;
2021;7;7;                  -0,56680;;;;
2021;7;8;                  -0,56720;;;;
2021;7;9;                  -0,56670;;;;
2021;7;12;                  -0,56690;;;;
2021;7;13;                  -0,56650;;;;
2021;7;14;                  -0,56690;;;;
2021;7;15;                  -0,56690;;;;
2021;7;16;                  -0,56730;;;;
2021;7;19;                  -0,56710;;;;
2021;7;20;                  -0,56650;;;;
2021;7;21;                  -0,56700;;;;
2021;7;22;                  -0,56810;;;;
2021;7;23;                  -0,56840;;;;
2021;7;26;                  -0,56710;;;;
2021;7;27;                  -0,56630;;;;
2021;7;28;                  -0,55200;;;;
2021;7;29;                  -0,56800;;;;
2021;7;30;                  -0,56820;;;;
2021;8;2;                  -0,56830;;;;
2021;8;3;                  -0,56880;;;;
2021;8;4;                  -0,56850;;;;
2021;8;5;                  -0,56400;;;;
2021;8;6;                  -0,56910;;;;
2021;8;9;                  -0,56900;;;;
2021;8;10;                  -0,56950;;;;
2021;8;11;                  -0,56980;;;;
2021;8;12;                  -0,56950;;;;
2021;8;13;                  -0,57000;;;;
2021;8;16;                  -0,57120;;;;
2021;8;17;                  -0,57100;;;;
2021;8;18;                  -0,57190;;;;
2021;8;19;                  -0,57190;;;;
2021;8;20;                  -0,57200;;;;
2021;8;23;                  -0,57240;;;;
2021;8;24;                  -0,57140;;;;
2021;8;25;                  -0,57130;;;;
2021;8;26;                  -0,57060;;;;
2021;8;27;                  -0,57140;;;;
2021;8;30;                  -0,57160;;;;
2021;8;31;                  -0,57130;;;;
2021;9;1;                  -0,57100;;;;
2021;9;2;                  -0,57230;;;;
2021;9;3;                  -0,57160;;;;
2021;9;6;                  -0,57140;;;;
2021;9;7;                  -0,57060;;;;
2021;9;8;                  -0,57120;;;;
2021;9;9;                  -0,57300;;;;
2021;9;10;                  -0,57160;;;;
2021;9;13;                  -0,57110;;;;
2021;9;14;                  -0,57100;;;;
2021;9;15;                  -0,57120;;;;
2021;9;16;                  -0,57180;;;;
2021;9;17;                  -0,57070;;;;
2021;9;20;                  -0,57090;;;;
2021;9;21;                  -0,57080;;;;
2021;9;22;                  -0,57050;;;;
2021;9;23;                  -0,56900;;;;
2021;9;24;                  -0,57100;;;;
2021;9;27;                  -0,57020;;;;
2021;9;28;                  -0,57010;;;;
2021;9;29;                  -0,56950;;;;
2021;9;30;                  -0,56960;;;;
2021;10;1;                  -0,56970;;;;
2021;10;4;                  -0,56920;;;;
2021;10;5;                  -0,56990;;;;
2021;10;6;                  -0,56880;;;;
2021;10;7;                  -0,56880;;;;
2021;10;8;                  -0,56900;;;;
2021;10;11;                  -0,56890;;;;
2021;10;12;                  -0,56920;;;;
2021;10;13;                  -0,56890;;;;
2021;10;14;                  -0,57090;;;;
2021;10;15;                  -0,57000;;;;
2021;10;18;                  -0,57000;;;;
2021;10;19;                  -0,56950;;;;
2021;10;20;                  -0,56960;;;;
2021;10;21;                  -0,56950;;;;
2021;10;22;                  -0,57200;;;;
2021;10;25;                  -0,56910;;;;
2021;10;26;                  -0,56910;;;;
2021;10;27;                  -0,56690;;;;
2021;10;28;                  -0,56810;;;;
2021;10;29;                  -0,56980;;;;
2021;11;1;                  -0,56920;;;;
2021;11;2;                  -0,57170;;;;
2021;11;3;                  -0,57210;;;;
2021;11;4;                  -0,57230;;;;
2021;11;5;                  -0,57200;;;;
2021;11;8;                  -0,57170;;;;
2021;11;9;                  -0,57200;;;;
2021;11;10;                  -0,57000;;;;
2021;11;11;                  -0,57420;;;;
2021;11;12;                  -0,57410;;;;
2021;11;15;                  -0,57100;;;;
2021;11;16;                  -0,57350;;;;
2021;11;17;                  -0,57300;;;;
2021;11;18;                  -0,57830;;;;
2021;11;19;                  -0,57690;;;;
2021;11;22;                  -0,57960;;;;
2021;11;23;                  -0,57840;;;;
2021;11;24;                  -0,57910;;;;
2021;11;25;                  -0,57910;;;;
2021;11;26;                  -0,58060;;;;
2021;11;29;                  -0,58010;;;;
2021;11;30;                  -0,58010;;;;
2021;12;1;                  -0,58100;;;;
2021;12;2;                  -0,57900;;;;
2021;12;3;                  -0,58370;;;;
2021;12;6;                  -0,58330;;;;
2021;12;7;                  -0,58710;;;;
2021;12;8;                  -0,58790;;;;
2021;12;9;                  -0,58640;;;;
2021;12;10;                  -0,58610;;;;
2021;12;13;                  -0,58610;;;;
2021;12;14;                  -0,58780;;;;
2021;12;15;                  -0,58430;;;;
2021;12;16;                  -0,58310;;;;
2021;12;17;                  -0,58300;;;;
2021;12;20;                  -0,58190;;;;
2021;12;21;                  -0,58140;;;;
2021;12;22;                  -0,57950;;;;
2021;12;23;                  -0,58400;;;;
2021;12;24;                  -0,57930;;;;
2021;12;27;                  -0,57960;;;;
2021;12;28;                  -0,57920;;;;
2021;12;29;                  -0,57670;;;;
2021;12;30;                  -0,58000;;;;
2021;12;31;                  -0,57900;;;;
2022;1;3;                  -0,57450;;;;
2022;1;4;                  -0,57490;;;;
2022;1;5;                  -0,57490;;;;
2022;1;6;                  -0,57960;;;;
2022;1;7;                  -0,57530;;;;
2022;1;10;                  -0,57540;;;;
2022;1;11;                  -0,57470;;;;
2022;1;12;                  -0,57570;;;;
2022;1;13;                  -0,57570;;;;
2022;1;14;                  -0,57710;;;;
2022;1;17;                  -0,57590;;;;
2022;1;18;                  -0,57500;;;;
2022;1;19;                  -0,57530;;;;
2022;1;20;                  -0,57600;;;;
2022;1;21;                  -0,57770;;;;
2022;1;24;                  -0,57510;;;;
2022;1;25;                  -0,57550;;;;
2022;1;26;                  -0,57520;;;;
2022;1;27;                  -0,57480;;;;
2022;1;28;                  -0,57330;;;;
2022;1;31;                  -0,57460;;;;
2022;2;1;                  -0,57380;;;;
2022;2;2;                  -0,57420;;;;
2022;2;3;                  -0,57310;;;;
2022;2;4;                  -0,57270;;;;
2022;2;7;                  -0,57490;;;;
2022;2;8;                  -0,57350;;;;
2022;2;9;                  -0,57490;;;;
2022;2;10;                  -0,57240;;;;
2022;2;11;                  -0,56730;;;;
2022;2;14;                  -0,56300;;;;
2022;2;15;                  -0,57120;;;;
2022;2;16;                  -0,57370;;;;
2022;2;17;                  -0,57060;;;;
2022;2;18;                  -0,57220;;;;
2022;2;21;                  -0,57080;;;;
2022;2;22;                  -0,57200;;;;
2022;2;23;                  -0,57280;;;;
2022;2;24;                  -0,57130;;;;
2022;2;25;                  -0,57230;;;;
2022;2;28;                  -0,57700;;;;
2022;3;1;                  -0,57390;;;;
2022;3;2;                  -0,57670;;;;
2022;3;3;                  -0,56500;;;;
2022;3;4;                  -0,58900;;;;
2022;3;7;                  -0,57650;;;;
2022;3;8;                  -0,57400;;;;
2022;3;9;                  -0,57170;;;;
2022;3;10;                  -0,58060;;;;
2022;3;11;                  -0,57420;;;;
2022;3;14;                  -0,57610;;;;
2022;3;15;                  -0,57570;;;;
2022;3;16;                  -0,57620;;;;
2022;3;17;                  -0,57670;;;;
2022;3;18;                  -0,57570;;;;
2022;3;21;                  -0,57450;;;;
2022;3;22;                  -0,57570;;;;
2022;3;23;                  -0,57580;;;;
2022;3;24;                  -0,57670;;;;
2022;3;25;                  -0,57700;;;;
2022;3;28;                  -0,57550;;;;
2022;3;29;                  -0,57310;;;;
2022;3;30;                  -0,57500;;;;
2022;3;31;                  -0,57440;;;;
2022;4;1;                  -0,57750;;;;
2022;4;4;                  -0,57650;;;;
2022;4;5;                  -0,57600;;;;
2022;4;6;                  -0,57670;;;;
2022;4;7;                  -0,57420;;;;
2022;4;8;                  -0,57430;;;;
2022;4;11;                  -0,57420;;;;
2022;4;12;                  -0,57320;;;;
2022;4;13;                  -0,56920;;;;
2022;4;14;                  -0,57050;;;;
2022;4;15;                  -0,57460;;;;
2022;4;18;                  -0,57500;;;;
2022;4;19;                  -0,57530;;;;
2022;4;20;                  -0,57380;;;;
2022;4;21;                  -0,57130;;;;
2022;4;22;                  -0,57210;;;;
2022;4;25;                  -0,57270;;;;
2022;4;26;                  -0,57100;;;;
2022;4;27;                  -0,57600;;;;
2022;4;28;                  -0,57190;;;;
2022;4;29;                  -0,57200;;;;
2022;5;2;                  -0,56860;;;;
2022;5;3;                  -0,56810;;;;
2022;5;4;                  -0,56810;;;;
2022;5;5;                  -0,56660;;;;
2022;5;6;                  -0,56170;;;;
2022;5;9;                  -0,56470;;;;
2022;5;10;                  -0,56630;;;;
2022;5;11;                  -0,56100;;;;
2022;5;12;                  -0,56770;;;;
2022;5;13;                  -0,56630;;;;
2022;5;16;                  -0,56350;;;;
2022;5;17;                  -0,56610;;;;
2022;5;18;                  -0,56110;;;;
2022;5;19;                  -0,56020;;;;
2022;5;20;                  -0,56470;;;;
2022;5;23;                  -0,56700;;;;
2022;5;24;                  -0,56770;;;;
2022;5;25;                  -0,57530;;;;
2022;5;26;                  -0,55950;;;;
2022;5;27;                  -0,56230;;;;
2022;5;30;                  -0,54410;;;;
2022;5;31;                  -0,53760;;;;
2022;6;1;                  -0,53570;;;;
2022;6;2;                  -0,51360;;;;
2022;6;3;                  -0,49700;;;;
2022;6;6;                  -0,49400;;;;
2022;6;7;                  -0,50130;;;;
2022;6;8;                  -0,47800;;;;
2022;6;9;                  -0,49180;;;;
2022;6;10;                  -0,48630;;;;
2022;6;13;                  -0,47890;;;;
2022;6;14;                  -0,46420;;;;
2022;6;15;                  -0,45670;;;;
2022;6;16;                  -0,44100;;;;
2022;6;17;                  -0,43630;;;;
2022;6;20;                  -0,42650;;;;
2022;6;21;                  -0,43420;;;;
2022;6;22;                  -0,43870;;;;
2022;6;23;                  -0,42690;;;;
2022;6;24;                  -0,42530;;;;
2022;6;27;                  -0,41790;;;;
2022;6;28;                  -0,40350;;;;
2022;6;29;                  -0,40150;;;;
2022;6;30;                  -0,39560;;;;
2022;7;1;                  -0,39580;;;;
2022;7;4;                  -0,39560;;;;
2022;7;5;                  -0,39240;;;;
2022;7;6;                  -0,38750;;;;
2022;7;7;                  -0,36120;;;;
2022;7;8;                  -0,36450;;;;
2022;7;11;                  -0,35430;;;;
2022;7;12;                  -0,34720;;;;
2022;7;13;                  -0,31980;;;;
2022;7;14;                  -0,25100;;;;
2022;7;15;                  -0,28140;;;;
2022;7;18;                  -0,26250;;;;
2022;7;19;                  -0,17570;;;;
2022;7;20;                  -0,17220;;;;
2022;7;21;                   0,00150;;;;
2022;7;22;                  -0,00790;;;;
2022;7;25;                   0,00400;;;;
2022;7;26;                   0,01150;;;;
2022;7;27;                   0,02150;;;;
2022;7;28;                   0,04700;;;;
2022;7;29;                   0,04590;;;;
2022;8;1;                   0,04770;;;;
2022;8;2;                   0,05660;;;;
2022;8;3;                   0,06300;;;;
2022;8;4;                   0,09800;;;;
2022;8;5;                   0,11020;;;;
2022;8;8;                   0,11150;;;;
2022;8;9;                   0,12450;;;;
2022;8;10;                   0,13120;;;;
2022;8;11;                   0,15460;;;;
2022;8;12;                   0,15240;;;;
2022;8;15;                   0,15320;;;;
2022;8;16;                   0,16550;;;;
2022;8;17;                   0,19600;;;;
2022;8;18;                   0,23870;;;;
2022;8;19;                   0,25600;;;;
2022;8;22;                   0,26950;;;;
2022;8;23;                   0,28170;;;;
2022;8;24;                   0,29900;;;;
2022;8;25;                   0,32200;;;;
2022;8;26;                   0,39900;;;;
2022;8;29;                   0,42610;;;;
2022;8;30;                   0,42800;;;;
2022;8;31;                   0,46300;;;;
2022;9;1;                   0,53450;;;;
2022;9;2;                   0,53360;;;;
2022;9;5;                   0,55410;;;;
2022;9;6;                   0,56260;;;;
2022;9;7;                   0,58670;;;;
2022;9;8;                   0,75020;;;;
2022;9;9;                   0,76370;;;;
2022;9;12;                   0,78290;;;;
2022;9;13;                   0,79900;;;;
2022;9;14;                   0,79590;;;;
2022;9;15;                   0,86250;;;;
2022;9;16;                   0,86760;;;;
2022;9;19;                   0,87150;;;;
2022;9;20;                   0,88570;;;;
2022;9;21;                   0,89720;;;;
2022;9;22;                   0,94800;;;;
2022;9;23;                   0,95730;;;;
2022;9;26;                   0,97430;;;;
2022;9;27;                   0,97690;;;;
2022;9;28;                   0,97730;;;;
2022;9;29;                   1,02950;;;;
2022;9;30;                   1,03490;;;;
2022;10;3;                   1,03460;;;;
2022;10;4;                   1,04280;;;;
2022;10;5;                   1,06410;;;;
2022;10;6;                   1,10650;;;;
2022;10;7;                   1,10910;;;;
2022;10;10;                   1,11620;;;;
2022;10;11;                   1,13110;;;;
2022;10;12;                   1,13340;;;;
2022;10;13;                   1,18630;;;;
2022;10;14;                   1,19710;;;;
2022;10;17;                   1,22190;;;;
2022;10;18;                   1,22970;;;;
2022;10;19;                   1,23860;;;;
2022;10;20;                   1,34090;;;;
2022;10;21;                   1,34060;;;;
2022;10;24;                   1,35630;;;;
2022;10;25;                   1,37590;;;;
2022;10;26;                   1,39130;;;;
2022;10;27;                   1,45740;;;;
2022;10;28;                   1,50240;;;;
2022;10;31;                   1,52200;;;;
2022;11;1;                   1,53230;;;;
2022;11;2;                   1,54120;;;;
2022;11;3;                   1,59200;;;;
2022;11;4;                   1,59860;;;;
2022;11;7;                   1,60040;;;;
2022;11;8;                   1,61300;;;;
2022;11;9;                   1,62480;;;;
2022;11;10;                   1,65170;;;;
2022;11;11;                   1,66630;;;;
2022;11;14;                   1,66690;;;;
2022;11;15;                   1,66400;;;;
2022;11;16;                   1,67760;;;;
2022;11;17;                   1,71360;;;;
2022;11;18;                   1,71470;;;;
2022;11;21;                   1,72060;;;;
2022;11;22;                   1,73310;;;;
2022;11;23;                   1,74650;;;;
2022;11;24;                   1,77990;;;;
2022;11;25;                   1,80170;;;;
2022;11;28;                   1,81250;;;;
2022;11;29;                   1,78650;;;;
2022;11;30;                   1,79700;;;;
2022;12;1;                   1,80900;;;;
2022;12;2;                   1,82380;;;;
2022;12;5;                   1,81970;;;;
2022;12;6;                   1,82700;;;;
2022;12;7;                   1,85140;;;;
2022;12;8;                   1,91460;;;;
2022;12;9;                   1,91280;;;;
2022;12;12;                   1,92490;;;;
2022;12;13;                   1,93000;;;;
2022;12;14;                   1,95350;;;;
2022;12;15;                   1,96900;;;;
2022;12;16;                   1,97870;;;;
2022;12;19;                   1,99550;;;;
2022;12;20;                   2,00840;;;;
2022;12;21;                   2,01670;;;;
2022;12;22;                   2,04790;;;;
2022;12;23;                   2,07040;;;;
2022;12;26;                   2,06220;;;;
2022;12;27;                   2,06420;;;;
2022;12;28;                   2,06150;;;;
2022;12;29;                   2,07800;;;;
2022;12;30;                   2,09200;;;;
2023;1;2;                   2,10650;;;;
2023;1;3;                   2,10990;;;;
2023;1;4;                   2,11310;;;;
2023;1;5;                   2,14100;;;;
2023;1;6;                   2,15340;;;;
2023;1;9;                   2,16410;;;;
2023;1;10;                   2,17260;;;;
2023;1;11;                   2,17360;;;;
2023;1;12;                   2,20150;;;;
2023;1;13;                   2,20920;;;;
2023;1;16;                   2,22410;;;;
2023;1;17;                   2,23100;;;;
2023;1;18;                   2,24210;;;;
2023;1;19;                   2,27130;;;;
2023;1;20;                   2,28610;;;;
2023;1;23;                   2,32150;;;;
2023;1;24;                   2,33020;;;;
2023;1;25;                   2,33800;;;;
2023;1;26;                   2,38340;;;;
2023;1;27;                   2,40120;;;;
2023;1;30;                   2,44320;;;;
2023;1;31;                   2,44940;;;;
2023;2;1;                   2,45300;;;;
2023;2;2;                   2,50400;;;;
2023;2;3;                   2,54160;;;;
2023;2;6;                   2,55450;;;;
2023;2;7;                   2,56000;;;;
2023;2;8;                   2,56520;;;;
2023;2;9;                   2,57960;;;;
2023;2;10;                   2,59210;;;;
2023;2;13;                   2,60930;;;;
2023;2;14;                   2,61610;;;;
2023;2;15;                   2,61580;;;;
2023;2;16;                   2,64300;;;;
2023;2;17;                   2,65260;;;;
2023;2;20;                   2,66860;;;;
2023;2;21;                   2,67640;;;;
2023;2;22;                   2,67780;;;;
2023;2;23;                   2,70280;;;;
2023;2;24;                   2,71040;;;;
2023;2;27;                   2,72800;;;;
2023;2;28;                   2,73310;;;;
2023;3;1;                   2,73920;;;;
2023;3;2;                   2,76680;;;;
2023;3;3;                   2,77510;;;;
2023;3;6;                   2,78250;;;;
2023;3;7;                   2,79180;;;;
2023;3;8;                   2,80250;;;;
2023;3;9;                   2,86100;;;;
2023;3;10;                   2,83190;;;;
2023;3;13;                   2,75940;;;;
2023;3;14;                   2,82180;;;;
2023;3;15;                   2,70510;;;;
2023;3;16;                   2,88700;;;;
2023;3;17;                   2,88180;;;;
2023;3;20;                   2,89620;;;;
2023;3;21;                   2,93180;;;;
2023;3;22;                   2,94630;;;;
2023;3;23;                   2,96290;;;;
2023;3;24;                   2,94470;;;;
2023;3;27;                   2,95110;;;;
2023;3;28;                   2,95510;;;;
2023;3;29;                   2,95640;;;;
2023;3;30;                   2,97210;;;;
2023;3;31;                   2,97610;;;;
2023;4;3;                   2,98380;;;;
2023;4;4;                   2,98960;;;;
2023;4;5;                   3,01540;;;;
2023;4;6;                   3,01880;;;;
2023;4;7;                   3,01480;;;;
2023;4;10;                   3,02000;;;;
2023;4;11;                   3,04140;;;;
2023;4;12;                   3,06390;;;;
2023;4;13;                   3,08200;;;;
2023;4;14;                   3,10750;;;;
2023;4;17;                   3,10700;;;;
2023;4;18;                   3,11630;;;;
2023;4;19;                   3,12860;;;;
2023;4;20;                   3,15760;;;;
2023;4;21;                   3,16800;;;;
2023;4;24;                   3,17820;;;;
2023;4;25;                   3,16900;;;;
2023;4;26;                   3,17440;;;;
2023;4;27;                   3,21610;;;;
2023;4;28;                   3,19380;;;;
2023;5;1;                   3,18820;;;;
2023;5;2;                   3,19810;;;;
2023;5;3;                   3,21790;;;;
2023;5;4;                   3,19190;;;;
2023;5;5;                   3,20580;;;;
2023;5;8;                   3,21180;;;;
2023;5;9;                   3,21820;;;;
2023;5;10;                   3,22300;;;;
2023;5;11;                   3,24040;;;;
2023;5;12;                   3,24140;;;;
2023;5;15;                   3,24230;;;;
2023;5;16;                   3,24810;;;;
2023;5;17;                   3,25510;;;;
2023;5;18;                   3,27050;;;;
2023;5;19;                   3,27510;;;;
2023;5;22;                   3,27950;;;;
2023;5;23;                   3,28590;;;;
2023;5;24;                   3,29330;;;;
2023;5;25;                   3,31130;;;;
2023;5;26;                   3,31390;;;;
2023;5;29;                   3,31450;;;;
2023;5;30;                   3,31460;;;;
2023;5;31;                   3,31630;;;;
2023;6;1;                   3,34270;;;;
2023;6;2;                   3,34880;;;;
2023;6;5;                   3,35540;;;;
2023;6;6;                   3,35900;;;;
2023;6;7;                   3,36630;;;;
2023;6;8;                   3,39760;;;;
2023;6;9;                   3,40100;;;;
2023;6;12;                   3,40310;;;;
2023;6;13;                   3,41140;;;;
2023;6;14;                   3,42070;;;;
2023;6;15;                   3,45620;;;;
2023;6;16;                   3,46320;;;;
2023;6;19;                   3,46840;;;;
2023;6;20;                   3,46760;;;;
2023;6;21;                   3,47760;;;;
2023;6;22;                   3,49770;;;;
2023;6;23;                   3,49690;;;;
2023;6;26;                   3,49670;;;;
2023;6;27;                   3,50410;;;;
2023;6;28;                   3,50520;;;;
2023;6;29;                   3,52050;;;;
2023;6;30;                   3,52200;;;;
2023;7;3;                   3,52860;;;;
2023;7;4;                   3,53160;;;;
2023;7;5;                   3,53740;;;;
2023;7;6;                   3,55280;;;;
2023;7;7;                   3,55310;;;;
2023;7;10;                   3,56250;;;;
2023;7;11;                   3,56690;;;;
2023;7;12;                   3,57170;;;;
2023;7;13;                   3,58220;;;;
2023;7;14;                   3,58760;;;;
2023;7;17;                   3,59430;;;;
2023;7;18;                   3,59700;;;;
2023;7;19;                   3,60760;;;;
2023;7;20;                   3,63000;;;;
2023;7;21;                   3,63290;;;;
2023;7;24;                   3,63930;;;;
2023;7;25;                   3,64360;;;;
2023;7;26;                   3,65160;;;;
2023;7;27;                   3,66400;;;;
2023;7;28;                   3,66710;;;;
2023;7;31;                   3,67240;;;;
2023;8;1;                   3,67700;;;;
2023;8;2;                   3,67550;;;;
2023;8;3;                   3,68760;;;;
2023;8;4;                   3,68820;;;;
2023;8;7;                   3,69160;;;;
2023;8;8;                   3,69160;;;;
2023;8;9;                   3,69570;;;;
2023;8;10;                   3,70150;;;;
2023;8;11;                   3,70390;;;;
2023;8;14;                   3,70860;;;;
2023;8;15;                   3,71810;;;;
2023;8;16;                   3,72680;;;;
2023;8;17;                   3,74180;;;;
2023;8;18;                   3,73240;;;;
2023;8;21;                   3,74170;;;;
2023;8;22;                   3,74240;;;;
2023;8;23;                   3,70700;;;;
2023;8;24;                   3,71510;;;;
2023;8;25;                   3,71730;;;;
2023;8;28;                   3,73410;;;;
2023;8;29;                   3,73650;;;;
2023;8;30;                   3,75680;;;;
2023;8;31;                   3,71160;;;;
2023;9;1;                   3,70650;;;;
2023;9;4;                   3,71840;;;;
2023;9;5;                   3,71900;;;;
2023;9;6;                   3,73610;;;;
2023;9;7;                   3,74940;;;;
2023;9;8;                   3,75470;;;;
2023;9;11;                   3,76260;;;;
2023;9;12;                   3,79500;;;;
2023;9;13;                   3,82310;;;;
2023;9;14;                   3,90580;;;;
2023;9;15;                   3,91020;;;;
2023;9;18;                   3,91520;;;;
2023;9;19;                   3,91630;;;;
2023;9;20;                   3,91660;;;;
2023;9;21;                   3,91860;;;;
2023;9;22;                   3,91890;;;;
2023;9;25;                   3,91910;;;;
2023;9;26;                   3,92120;;;;
2023;9;27;                   3,91920;;;;
2023;9;28;                   3,91870;;;;
2023;9;29;                   3,91740;;;;
2023;10;2;                   3,91570;;;;
2023;10;3;                   3,91800;;;;
2023;10;4;                   3,91700;;;;
2023;10;5;                   3,91360;;;;
2023;10;6;                   3,91450;;;;
2023;10;9;                   3,91010;;;;
2023;10;10;                   3,91250;;;;
2023;10;11;                   3,90960;;;;
2023;10;12;                   3,90860;;;;
2023;10;13;                   3,90780;;;;
2023;10;16;                   3,90670;;;;
2023;10;17;                   3,91050;;;;
2023;10;18;                   3,90830;;;;
2023;10;19;                   3,91370;;;;
2023;10;20;                   3,91460;;;;
2023;10;23;                   3,91390;;;;
2023;10;24;                   3,91500;;;;
2023;10;25;                   3,91830;;;;
2023;10;26;                   3,91220;;;;
2023;10;27;                   3,91030;;;;
2023;10;30;                   3,90880;;;;
2023;10;31;                   3,90690;;;;
2023;11;1;                   3,90640;;;;
2023;11;2;                   3,90800;;;;
2023;11;3;                   3,90870;;;;
2023;11;6;                   3,90900;;;;
2023;11;7;                   3,90880;;;;
2023;11;8;                   3,91060;;;;
2023;11;9;                   3,91200;;;;
2023;11;10;                   3,91290;;;;
2023;11;13;                   3,91220;;;;
2023;11;14;                   3,91090;;;;
2023;11;15;                   3,91080;;;;
2023;11;16;                   3,90730;;;;
2023;11;17;                   3,90700;;;;
2023;11;20;                   3,90750;;;;
2023;11;21;                   3,90750;;;;
2023;11;22;                   3,90860;;;;
2023;11;23;                   3,90920;;;;
2023;11;24;                   3,91150;;;;
2023;11;27;                   3,91080;;;;
2023;11;28;                   3,90860;;;;
2023;11;29;                   3,90960;;;;
2023;11;30;                   3,90550;;;;
2023;12;1;                   3,89770;;;;
2023;12;4;                   3,90290;;;;
2023;12;5;                   3,90030;;;;
2023;12;6;                   3,90380;;;;
2023;12;7;                   3,90460;;;;
2023;12;8;                   3,90430;;;;
2023;12;11;                   3,90600;;;;
2023;12;12;                   3,90600;;;;
2023;12;13;                   3,90630;;;;
2023;12;14;                   3,90110;;;;
2023;12;15;                   3,90160;;;;
2023;12;18;                   3,90420;;;;
2023;12;19;                   3,90380;;;;
2023;12;20;                   3,90340;;;;
2023;12;21;                   3,90260;;;;
2023;12;22;                   3,89650;;;;
2023;12;25;                   3,89530;;;;
2023;12;26;                   3,90250;;;;
2023;12;27;                   3,89960;;;;
2023;12;28;                   3,90240;;;;
2023;12;29;                   3,90210;;;;
2024;1;1;                   3,90100;;;;
2024;1;2;                   3,89980;;;;
2024;1;3;                   3,90190;;;;
2024;1;4;                   3,90580;;;;
2024;1;5;                   3,91010;;;;
2024;1;8;                   3,90730;;;;
2024;1;9;                   3,90960;;;;
2024;1;10;                   3,90960;;;;
2024;1;11;                   3,90720;;;;
2024;1;12;                   3,90080;;;;
2024;1;15;                   3,90510;;;;
2024;1;16;                   3,91410;;;;
2024;1;17;                   3,90460;;;;
2024;1;18;                   3,90270;;;;
2024;1;19;                   3,90800;;;;
2024;1;22;                   3,90780;;;;
2024;1;23;                   3,90870;;;;
2024;1;24;                   3,90470;;;;
2024;1;25;                   3,89930;;;;
2024;1;26;                   3,89780;;;;
2024;1;29;                   3,89430;;;;
2024;1;30;                   3,89500;;;;
2024;1;31;                   3,88340;;;;
2024;2;1;                   3,88670;;;;
2024;2;2;                   3,89770;;;;
2024;2;5;                   3,89800;;;;
2024;2;6;                   3,89600;;;;
2024;2;7;                   3,89970;;;;
2024;2;8;                   3,89990;;;;
2024;2;9;                   3,89550;;;;
2024;2;12;                   3,89890;;;;
2024;2;13;                   3,90530;;;;
2024;2;14;                   3,90840;;;;
2024;2;15;                   3,90250;;;;
2024;2;16;                   3,90600;;;;
2024;2;19;                   3,90460;;;;
2024;2;20;                   3,90250;;;;
2024;2;21;                   3,90470;;;;
2024;2;22;                   3,90280;;;;
2024;2;23;                   3,89600;;;;
2024;2;26;                   3,90070;;;;
2024;2;27;                   3,89800;;;;
2024;2;28;                   3,89260;;;;
2024;2;29;                   3,89540;;;;
2024;3;1;                   3,89790;;;;
2024;3;4;                   3,89810;;;;
2024;3;5;                   3,89530;;;;
2024;3;6;                   3,89530;;;;
2024;3;7;                   3,89750;;;;
2024;3;8;                   3,89570;;;;
2024;3;11;                   3,89890;;;;
2024;3;12;                   3,89930;;;;
2024;3;13;                   3,90070;;;;
2024;3;14;                   3,90210;;;;
2024;3;15;                   3,90420;;;;
2024;3;18;                   3,90710;;;;
2024;3;19;                   3,90990;;;;
2024;3;20;                   3,90800;;;;
2024;3;21;                   3,90660;;;;
2024;3;22;                   3,89920;;;;
2024;3;25;                   3,90030;;;;
2024;3;26;                   3,89640;;;;
2024;3;27;                   3,89590;;;;
2024;3;28;                   3,89880;;;;
2024;3;29;                   3,89710;;;;
2024;4;1;                   3,89900;;;;
2024;4;2;                   3,89090;;;;
2024;4;3;                   3,89620;;;;
2024;4;4;                   3,90340;;;;
2024;4;5;                   3,90460;;;;
 